Workbook

Sheet Entregas
A1: CODIGO1 | B1: CODIGO2 | C1: CEP | D1: BAIRRO | E1: CIDADE | F1: LOGRADOURO | G1: NÚMERO | H1: MOTOBOY
A2: 45846243602 | C2: 80210134 | D2: jardim botanico | E2: curitiba | F2: Rua Professor Luiz Carlos Pereira da Silva | G2: 60 | H2: Kaio
A3: 45848360337 | C3: 81900495 | D3: sitio cercado | E3: curitiba | F3: Rua Araruna | G3: 1062 | H3: Ed Carlos
A4: 45848744713 | C4: 83025404 | D4: santo antonio | E4: sao jose dos pinhais | F4: Avenida Rui Barbosa | G4: 11605 | H4: Lucas Penteado
A5: 45851325959 | C5: 82820090 | D5: bairro alto | E5: curitiba | F5: Rua Epaminondas Santos | G5: 2805 | H5: Cabelo
A6: 45851634761 | C6: 83301300 | D6: vila ipanema | E6: piraquara | F6: Rua Pedro Álvares Cabral | G6: 2596 | H6: Leonardo
A7: 45851657134 | C7: 82600380 | D7: bacacheri | E7: curitiba | F7: Rua Ernesto Edmundo Weigert | G7: 60 | H7: Patrick
A8: 45851758012 | C8: 83311170 | D8: guarituba | E8: piraquara | F8: Rua Herbert Trap | G8: 604 | H8: Leonardo
A9: 45851838084 | C9: 83045420 | D9: aviacao | E9: sao jose dos pinhais | F9: Rua Cambé | G9: 189 | H9: Felipe Maier
A10: 45852207583 | C10: 81920749 | D10: sitio cercado | E10: curitiba | F10: Travessa Elizabete Charlote Brand | G10: 92 | H10: Ed Carlos
A11: 45852812782 | C11: 81312090 | D11: cidade industrial | E11: curitiba | F11: Rua Agostinho Brusamolin | G11: 333 | H11: Iverson
A12: 45853178202 | C12: 83050100 | D12: parque da fonte | E12: sao jose dos pinhais | F12: Rua Professor Antônio Dantas | G12: 1072 | H12: Felipe Maier
A13: 45853828804 | C13: 83321000 | D13: weissopolis | E13: pinhais | F13: Avenida Iraí | G13: 856 | H13: Adriano Silva
... A1366: 45852393899 | C1366: 81320330 | D1366: portao | E1366: curitiba | F1366: Rua Alfredo Jaime Felippe | G1366: 43 | H1366: Caio Lima
A1367: 47c293bf-6a50-40c6-bd52-34dec9891861 | B1367: 175975271-01 | C1367: 83050520 | D1367: prq da fonte | E1367: sao jose dos pinhais | F1367: RUA OCTAVIO CIM | G1367: 1227 | H1367: Felipe Maier
A1368: 5f8d98df-6982-4b04-820a-d70a149a31d4 | B1368: 176004164-01 | C1368: 83065060 | D1368: ina | E1368: sao jose dos pinhais | F1368: Rua Vitor Gomes de Lima | G1368: 1116 | H1368: Jhonatan
A1369: f0315002-325b-4bd5-996e-213e44621d4b | B1369: 176004886-01 | C1369: 82220440 | D1369: abranches | E1369: curitiba | F1369: THADEU WASILEWSKI | G1369: 06 | H1369: Cristian
A1370: 730812953-80 | B1370: 730812953-80 | C1370: 82840200 | D1370: bairro alto | E1370: curitiba | F1370: Rua Rio Araguari | G1370: 1755 | H1370: Cabelo
A1371: 943878240-60 | B1371: 943878240-60 | C1371: 82015630 | D1371: santa felicidade | E1371: curitiba | F1371: Rua José Tomasi | G1371: 880 | H1371: Eliezer
A1372: 656622961-10 | B1372: 656622961-10 | C1372: 80010120 | D1372: centro | E1372: curitiba | F1372: Alameda Doutor Muricy | G1372: 852 | H1372: Vitor
A1373: 203737761-10 | B1373: 203737761-10 | C1373: 83706230 | D1373: capela velha | E1373: araucaria | F1373: Rua Avestruz | G1373: 510 | H1373: Tchutchu
A1374: 213313950-60 | B1374: 213313950-60 | C1374: 81520590 | D1374: guabirotuba | E1374: curitiba | F1374: Rua da Capitania | G1374: 128 - casa | H1374: Mikael
A1375: 249364328-80 | B1375: 249364328-80 | C1375: 81920040 | D1375: sitio cercado | E1375: curitiba | F1375: Rua Laertes Luiz Foggiato | G1375: 430 | H1375: Ed Carlos
A1376: 346361213-60 | B1376: 346361213-60 | C1376: 82510020 | D1376: bacacheri | E1376: curitiba | F1376: Avenida Nossa Senhora da Luz | G1376: 388 - ap. 402 | H1376: Patrick
A1377: 427559096-80 | B1377: 427559096-80 | C1377: 80250000 | D1377: centro | E1377: curitiba | F1377: Rua Nunes Machado | G1377: 68 | H1377: Vitor
A1378: 503653430-10 | B1378: 503653430-10 | C1378: 80610290 | D1378: portao | E1378: curitiba | F1378: Rua Engenheiro Arthur Bettes | G1378: 215 | H1378: Caio Lima
... A2297: BR2596632011357 | B2297: BR2596632011357 | C2297: 81750000 | D2297: boqueirao | E2297: curitiba | F2297: R. Cristiano Strobel | G2297: 3333 | H2297: Everton

Sheet Resumo
A1: Nº | B1: MOTOBOY | C1: QTD_ENTREGAS | E1: Data: 12/11/2025
A2: 1 | B2: SEM MOTOBOY | C2: =COUNTIF(Entregas!H:H, B2)
A3: 2 | B3: Adriano Damas | C3: =COUNTIF(Entregas!H:H, B3)
A4: 3 | B4: Adriano Silva | C4: =COUNTIF(Entregas!H:H, B4)
A5: 4 | B5: Aldo | C5: =COUNTIF(Entregas!H:H, B5)
A6: 5 | B6: Alex | C6: =COUNTIF(Entregas!H:H, B6)
A7: 6 | B7: Alexandre | C7: =COUNTIF(Entregas!H:H, B7)
A8: 7 | B8: Alexandro | C8: =COUNTIF(Entregas!H:H, B8)
A9: 8 | B9: Alisson | C9: =COUNTIF(Entregas!H:H, B9)
A10: 9 | B10: Anderson | C10: =COUNTIF(Entregas!H:H, B10)
A11: 10 | B11: Bruno | C11: =COUNTIF(Entregas!H:H, B11)
A12: 11 | B12: Cabelo | C12: =COUNTIF(Entregas!H:H, B12)
A13: 12 | B13: Caio Cesar | C13: =COUNTIF(Entregas!H:H, B13)
... A52: 51 | B52: William | C52: =COUNTIF(Entregas!H:H, B52)
